candidate_id	species	tribe	scaffold	start	end	strand	classification_safari	rss_ic	heptamer_mm	spacer_len	fr4_motif	stop_codons	aa_sequence	cnn_score_v73	cnn_rank	evo2_score	genos_score	aligator_score	dnabert2_score	gold_standard	imgt_annotation
addax_nasomaculatus_JH_01	addax_nasomaculatus	Hippotragini	CM094580.1	69495520	69496021	-	Pseudogene	15.85	2	22	WGRG	0	DYYSIDVWGRGLLVTISS	0.1043837608234053	59.0	-0.9953922629356384	30.79361525093484		2.407832384109497	N	
addax_nasomaculatus_JH_02	addax_nasomaculatus	Hippotragini	CM094580.1	69496047	69496548	-	Pseudogene	13.64	5	24	WGRG	0	NDWLKHWGRGPWTLSA	0.0543432161796067	79.0	-0.9999135136604308	30.750526878521004		2.4132041931152344	N	
addax_nasomaculatus_JH_03	addax_nasomaculatus	Hippotragini	CM094580.1	69496437	69496938	-	Functional	20.27	1	23	WGPG	0	DYIDYWGPGILVTVSS	0.9110674994523162	14.0	-0.9879772663116456	30.753854905822088		2.383622884750366	N	
addax_nasomaculatus_JH_04	addax_nasomaculatus	Hippotragini	CM094580.1	69496747	69497248	-	Pseudogene	11.43	6	21	WGQR	0	ALDSWGQRVPVTVSS	0.0451184717197773	88.0	-0.9952489733695984	30.76105994162492		2.3824286460876465	N	
addax_nasomaculatus_JH_05	addax_nasomaculatus	Hippotragini	CM094580.1	69497097	69497598	-	Pseudogene	13.64	5	24	WGLD	0	CWGLDLWGERTPATVSL	0.0407355367842301	94.0	-1.019745111465454	30.80007827326238		2.419640064239502	N	
addax_nasomaculatus_JH_06	addax_nasomaculatus	Hippotragini	CM094580.1	69497277	69497778	-	ORF	13.64	5	24	NONE	0	TMLTSISGTRVPWSPSPQ	0.0348439592880858	100.0	-1.029997706413269	30.82347625982208		2.412468194961548	N	
aepyceros_melampus_JH_01	aepyceros_melampus	Aepycerotini	SJXQ01013053.1	73047	73548	+	Pseudogene	15.85	2	22	WGQG	0	YDCADFHLWGQGALVIVSS	0.0464321272997011	87.0	-1.027527928352356	31.385363731557447		2.3886020183563232	N	
aepyceros_melampus_JH_02	aepyceros_melampus	Aepycerotini	SJXQ01013053.1	73231	73732	+	Functional	15.85	2	22	WGQR	0	CWDLELWGQRTPVTVSL	0.8854437927101374	46.0	-1.061154842376709	31.386614520456355		2.378406047821045	N	
aepyceros_melampus_JH_03	aepyceros_melampus	Aepycerotini	SJXQ01013053.1	73565	74066	+	ORF	11.43	6	24	NONE	0	NAFDSWDQRAPVS	0.0342127805676446	104.0	-1.073719143867493	31.39836676598056		2.404132604598999	N	
aepyceros_melampus_JH_04	aepyceros_melampus	Aepycerotini	SJXQ01013053.1	73878	74379	+	Pseudogene	15.85	2	23	WGPG	0	DYIDLWGPGILVTVS	0.0688670508479389	65.0	-1.0691282749176023	31.37940097962156		2.416478395462036	N	
aepyceros_melampus_JH_05	aepyceros_melampus	Aepycerotini	SJXQ01013053.1	74264	74765	+	Pseudogene	11.43	6	25	WGRG	0	NDWLKHWGRGPWALS	0.0278188222179517	129.0	-1.0679874420166016	31.37736885441397		2.3876121044158936	N	
aepyceros_melampus_JH_06	aepyceros_melampus	Aepycerotini	SJXQ01013053.1	74817	75318	+	Functional	24.69	0	22	WGRG	0	DYYNINLWGRGVLVTVSSGK	0.9059957269692605	33.0	-1.0627686977386477	31.329575230371223		2.4285945892333984	N	
bos_javanicus_JH_01	bos_javanicus	Bovini	NC_083888.1	69391874	69392375	-	Functional	24.69	0	22	WGRG	0	YYGIDAWGRGLRVTVSS	0.9089075367551518	23.0	-1.0299454927444458	31.15776311661815		2.3740127086639404	N	
bos_javanicus_JH_02	bos_javanicus	Bovini	NC_083888.1	69392423	69392924	-	Functional	13.64	5	24	WGQE	0	NNWLKHWGQEAWALSA	0.8998129792718553	44.0	-1.0561257600784302	31.15160105331296		2.3829941749572754	N	
bos_javanicus_JH_03	bos_javanicus	Bovini	NC_083888.1	69392791	69393292	-	Functional	20.27	1	23	WGPG	0	DYADAWGPGLLVTVSS	0.9070557348206644	29.0	-1.065717697143555	31.16183578933524		2.397892713546753	N	
bos_javanicus_JH_04	bos_javanicus	Bovini	NC_083888.1	69393102	69393603	-	Pseudogene	13.64	5	24	WGQR	0	NAFDSWGQRAPVTVSS	0.12702624495972	58.0	-1.063652753829956	31.151982452628364		2.427572011947632	N	
bos_javanicus_JH_05	bos_javanicus	Bovini	NC_083888.1	69393449	69393950	-	Functional	13.64	5	24	WGQR	0	CWDLDLWGQRTPVTVSL	0.8910092792565085	45.0	-1.0702921152114868	31.16272936891325		2.394947528839112	N	
bos_javanicus_JH_06	bos_javanicus	Bovini	NC_083888.1	69393629	69394130	-	ORF	13.64	5	24	NONE	0	TMQTSISGARLPWAPSPQ	0.2837420923666838	52.0	-1.0711288452148438	31.16801544303523		2.403927564620972	N	
bos_taurus_JH_01	bos_taurus	Bovini	NC_037348.1	206531	207031	-	Functional	20.27	1	23	WGXG	0		0.9080463135165224	24.0	-1.0902657508850098	31.20555700208625		2.409593343734741	Y	Functional
bos_taurus_JH_02	bos_taurus	Bovini	NC_037348.1	207080	207580	-	Functional	20.27	1	23	WGXG	0		0.9018308757163196	41.0	-1.0979759693145752	31.226255719778305		2.42582631111145	Y	Functional
bos_taurus_JH_03	bos_taurus	Bovini	NC_037348.1	207447	207947	-	Pseudogene	13.64	5	23	WGXG	1		0.3705202917110958	50.0	-1.093114137649536	31.225341047319155		2.43471622467041	Y	Pseudogene
bos_taurus_JH_04	bos_taurus	Bovini	NC_037348.1	207758	208258	-	Pseudogene	13.64	5	23	WGXG	1		0.0683095457427075	66.0	-1.1111228466033936	31.2118805949079		2.404606819152832	Y	Pseudogene
bos_taurus_JH_05	bos_taurus	Bovini	NC_037348.1	208106	208606	-	Functional	24.69	1	23	WGXG	0		0.9025997743123216	39.0	-1.121507167816162	31.233941865779887		2.438806533813477	Y	Functional
bos_taurus_JH_06	bos_taurus	Bovini	NC_037348.1	208286	208786	-	Functional	24.69	1	23	WGXG	0		0.90162537299353	42.0	-1.122349739074707	31.226290379913863		2.4292054176330566	Y	Functional
bubalus_bubalis_JH_01	bubalus_bubalis	Bovini	NW_005784206.1	366348	366849	-	Functional	24.69	0	22	WGRG	0	YYGLDAWGRGLRVAVSS	0.9028216311032536	38.0	-0.946465790271759	29.728708330405546		2.646534204483032	N	
bubalus_bubalis_JH_02	bubalus_bubalis	Bovini	NW_005784206.1	366895	367396	-	Pseudogene	13.64	5	23	WGRE	0	NWLEHWGREAWALSA	0.12761332171575	57.0	-0.9677792191505432	29.57116848260296		2.7401161193847656	N	
bubalus_bubalis_JH_03	bubalus_bubalis	Bovini	NW_005784206.1	367317	367818	-	Functional	20.27	1	23	WGPG	0	DYFDNWGPGILVTVSS	0.9107255656653512	19.0	-0.9852249622344972	29.58172852697145		2.750861644744873	N	
bubalus_bubalis_JH_04	bubalus_bubalis	Bovini	NW_005784206.1	367629	368130	-	Pseudogene	13.64	5	24	WGQR	0	NAFDSWGQRTPVTVSS	0.0588447845346736	72.0	-0.9925845265388488	29.568465014303204		2.726130723953247	N	
bubalus_bubalis_JH_05	bubalus_bubalis	Bovini	NW_005784206.1	367978	368479	-	Pseudogene	13.64	5	24	WGQS	0	CWDVDLWGQSTPVTVSL	0.0635495587455671	71.0	-0.9917045831680298	29.581445806873425		2.846479892730713	N	
bubalus_bubalis_JH_06	bubalus_bubalis	Bovini	NW_005784206.1	368151	368652	-	ORF	20.27	1	22	WGQA	0	FHLWGQAALGTISS	0.0664324480062859	68.0	-0.9911324381828308	29.573146746678148		2.7174909114837646	N	
bubalus_bubalis_JH_07	bubalus_bubalis	Bovini	NW_005784206.1	382931	383432	-	Pseudogene	13.64	5	23	WGRE	0	NNWLKHWGREAWALSA	0.1721102190698379	54.0	-1.0739336013793943	30.97835649621923		2.455089569091797	N	
bubalus_bubalis_JH_08	bubalus_bubalis	Bovini	NW_005784206.1	383296	383797	-	Functional	20.27	1	23	WGPG	0	DYVDTWGPGVLVTVSS	0.9070592254584612	27.0	-1.0981372594833374	31.02072364193784		2.488109588623047	N	
bubalus_bubalis_JH_09	bubalus_bubalis	Bovini	NW_005784206.1	383607	384108	-	Pseudogene	13.64	5	21	WGQS	0	NAFDSWGQSAPVSVSS	0.0437431294939083	91.0	-1.111881136894226	31.07749839996107		2.475301504135132	N	
bubalus_bubalis_JH_10	bubalus_bubalis	Bovini	NW_005784206.1	383947	384448	-	Pseudogene	13.64	5	24	WGQR	0	CWDLDFWGQRTPVTVSL	0.1442369671247263	55.0	-1.122268795967102	31.133284965438737		2.4969382286071777	N	
bubalus_bubalis_JH_11	bubalus_bubalis	Bovini	NW_005784206.1	384123	384624	-	Pseudogene	15.85	2	22	WGQA	0	FHLWGQAALGTVSS	0.0500749195478943	81.0	-1.1270626783370972	31.13635923449353		2.4787192344665527	N	
capra_hircus_JH_01	capra_hircus	Caprini	NC_030828.1	69030566	69031067	+	Functional	13.64	5	24	NONE	0	DYADFHLWDQGALVTVSS	0.9014339846939586	43.0	-1.00389301776886	31.38842673545888		2.3484339714050293	Y	Functional
capra_hircus_JH_02	capra_hircus	Caprini	NC_030828.1	69030747	69031248	+	Functional	13.64	5	24	WGQR	0	CWDLDLWGQRTPVTASL	0.9080061687406452	25.0	-1.005743145942688	31.38268794082209		2.360337495803833	Y	Functional
capra_hircus_JH_03	capra_hircus	Caprini	NC_030828.1	69031081	69031582	+	Functional	13.64	5	24	WGQH	0	AFDSWGQHAPVTVSS	0.9102996294931072	20.0	-1.0028246641159058	31.395825889827883		2.3859293460845947	Y	Functional
capra_hircus_JH_04	capra_hircus	Caprini	NC_030828.1	69031392	69031893	+	Functional	15.85	2	23	WGPG	0	DYIDYWGPGLLVTVSS	0.9163984261081736	1.0	-0.9975776076316832	31.385433110990224		2.401172876358032	Y	Functional
capra_hircus_JH_05	capra_hircus	Caprini	NC_030828.1	69031780	69032281	+	Pseudogene	11.43	6	23	WGQG	0	NDWLKHWGQGPWTLSA	0.0295650219103123	119.0	-1.011417269706726	31.383440925438663		2.3975980281829834	Y	Pseudogene
capra_hircus_JH_06	capra_hircus	Caprini	NC_030828.1	69032304	69032805	+	Functional	24.69	0	23	WGRG	0	DYYGVDVWGRGLLVTVSS	0.9115133333107472	12.0	-1.004348635673523	31.353812562911173		2.4111979007720947	Y	Functional
cervus_elaphus_JH_01	cervus_elaphus	Cervidae	OU343090.1	71507835	71508336	-	Functional	20.27	1	22	WGRG	0	DYYGIDVWGRGILVTVSSGKSGPS	0.9109796637462636	16.0	-1.0092251300811768	30.84209013574379		2.4074063301086426	N	
cervus_elaphus_JH_02	cervus_elaphus	Cervidae	OU343090.1	71508765	71509266	-	Functional	20.27	1	23	WGQG	0	DYIDNWGQGILVTVSS	0.9062398436181084	32.0	-1.0177969932556152	30.86904369725683		2.4243927001953125	N	
cervus_elaphus_JH_03	cervus_elaphus	Cervidae	OU343090.1	71509078	71509579	-	Pseudogene	13.64	5	25	WGQR	0	DAFNPWGQRAPVTVSS	0.0672267730444696	67.0	-1.0127527713775637	30.81747556946307		2.406881093978882	N	
cervus_elaphus_JH_04	cervus_elaphus	Cervidae	OU343090.1	71509429	71509930	-	Pseudogene	13.64	5	25	WGQH	0	CWDLELWGQHTPVTVS	0.0552311791618085	78.0	-1.0230629444122314	30.8743490452335		2.397915363311768	N	
connochaetes_taurinus_JH_01	connochaetes_taurinus	Alcelaphini	SJXO01004327.1	21247	21748	+	ORF	13.64	5	23	NONE	0	TMLTSISGTRVPWSPSPQ	0.0292302949357394	124.0	-0.9507813453674316	31.23983100323136		2.4016854763031006	N	
connochaetes_taurinus_JH_02	connochaetes_taurinus	Alcelaphini	SJXO01004327.1	21428	21929	+	Pseudogene	13.64	5	23	WGER	0	CWDLGLWGERTPVTVSL	0.0311400738715681	110.0	-0.9497787356376648	31.258092376476416		2.39274001121521	N	
connochaetes_taurinus_JH_03	connochaetes_taurinus	Alcelaphini	SJXO01004327.1	21778	22279	+	Pseudogene	11.43	6	22	WGQR	0	AFDSWGQRTPVTVSS	0.0438874135820219	90.0	-0.928233802318573	31.257272355474186		2.42022442817688	N	
connochaetes_taurinus_JH_04	connochaetes_taurinus	Alcelaphini	SJXO01004327.1	22089	22590	+	Functional	20.27	1	23	WGPG	0	DYIDYWGPGILVTVSS	0.9158079255643023	2.0	-0.9096512794494628	31.256061698251585		2.3978207111358643	N	
connochaetes_taurinus_JH_05	connochaetes_taurinus	Alcelaphini	SJXO01004327.1	22479	22980	+	Pseudogene	13.64	5	24	WGRG	0	NDWLKHWGRGPWTLSA	0.0267954467873115	135.0	-0.8821365237236023	31.25149035222223		2.3681373596191406	N	
connochaetes_taurinus_JH_06	connochaetes_taurinus	Alcelaphini	SJXO01004327.1	23002	23503	+	Functional	24.69	0	22	WGRG	0	DYYGIDVWGRGLLVTVSS	0.9018623755206034	40.0	-0.8349286913871765	30.469760931778904		2.435364246368408	N	
dama_dama_JH_01	dama_dama	Cervidae	NC_083693.1	76623035	76623536	-	Functional	20.27	1	22	WGRG	0	DYYGIDVWGRGILVTVSSGKSGPS	0.9095817656118068	22.0	-0.972787380218506	30.722450894476395		2.402337551116944	N	
dama_dama_JH_02	dama_dama	Cervidae	NC_083693.1	76623965	76624466	-	Functional	20.27	1	23	WGQG	0	DYIDNWGQGILVTVSS	0.9055661784739196	34.0	-0.9810510873794556	30.733598580581823		2.411053419113159	N	
dama_dama_JH_03	dama_dama	Cervidae	NC_083693.1	76624278	76624779	-	Pseudogene	13.64	5	21	WGQR	0	NAFNPWGQRAPVTVSS	0.0552643472359805	77.0	-0.9954963326454164	30.722011903135066		2.413250207901001	N	
dama_dama_JH_04	dama_dama	Cervidae	NC_083693.1	76624629	76625130	-	Pseudogene	13.64	5	25	WGQH	0	CWDLELWGQHTPVTVS	0.0495574381517545	82.0	-1.0125961303710938	30.7308366810266		2.4058990478515625	N	
elaphurus_davidianus_JH_01	elaphurus_davidianus	Cervidae	JAJIZU010003803.1	37756	38257	+	Pseudogene	13.64	5	25	WGQH	0	CWDLELWGQHTPVTVS	0.0306447807666927	115.0	-0.998592734336853	28.593977251617947		2.679716348648072	N	
elaphurus_davidianus_JH_02	elaphurus_davidianus	Cervidae	JAJIZU010003803.1	38127	38628	+	Pseudogene	13.64	5	25	WGQG	0	WGQGAPVTVSSGETALYPL	0.040596725883624	95.0	-0.9906232953071594	28.55660448363595		2.737593650817871	N	
elaphurus_davidianus_JH_03	elaphurus_davidianus	Cervidae	JAJIZU010003803.1	38421	38922	+	Functional	20.27	1	23	WGQG	0	DYVDNWGQGILVTVSS	0.912155709055361	11.0	-0.975941240787506	28.48085531983253		2.720233678817749	N	
elaphurus_davidianus_JH_04	elaphurus_davidianus	Cervidae	JAJIZU010003803.1	39349	39850	+	Functional	20.27	1	22	WGRG	0	DYYGIDVWGRGILVTVSSGKSGPS	0.9108624422131496	17.0	-0.939924955368042	28.485410374485543		2.630484342575073	N	
hippotragus_equinus_JH_01	hippotragus_equinus	Hippotragini	JAEFBM010016519.1	1316	1817	+	ORF	13.64	5	24	NONE	0	TSISGTRVPWSPSPQ	0.0292603957351185	123.0	-1.2109264135360718	31.39388968185464		2.6135778427124023	N	
hippotragus_equinus_JH_02	hippotragus_equinus	Hippotragini	JAEFBM010016519.1	1492	1993	+	Pseudogene	13.64	5	24	WGLD	0	CWGLDLWGERTPATVSL	0.0295299016510078	121.0	-1.2109264135360718	31.39388968185464		2.6135778427124023	N	
hippotragus_equinus_JH_03	hippotragus_equinus	Hippotragini	JAEFBM010016519.1	1842	2343	+	Pseudogene	11.43	6	25	WGQR	0	ALDSWGQRAPVTVSS	0.0307781842693814	113.0	-1.2109264135360718	31.39388968185464		2.6135778427124023	N	
hippotragus_equinus_JH_04	hippotragus_equinus	Hippotragini	JAEFBM010016519.1	2151	2652	+	Functional	20.27	1	23	WGPG	0	DYIDYWGPGLLVTVSS	0.9132041136983234	6.0	-1.2109264135360718	31.39388968185464		2.6135778427124023	N	
hippotragus_equinus_JH_05	hippotragus_equinus	Hippotragini	JAEFBM010016519.1	2541	3042	+	Pseudogene	13.64	5	24	WGRG	0	NDWLKHWGRGPWTLSA	0.0268074682409669	134.0	-1.2109264135360718	31.39388968185464		2.6135778427124023	N	
hippotragus_equinus_JH_06	hippotragus_equinus	Hippotragini	JAEFBM010016519.1	3069	3570	+	Pseudogene	15.85	2	22	WGRG	0	DYYSIDVWGRGLLVTVSS	0.0425263963458319	93.0	-1.2109264135360718	31.39388968185464		2.6135778427124023	N	
hippotragus_niger_JH_01	hippotragus_niger	Hippotragini	VHQK01014057.1	36744	37245	-	Pseudogene	15.85	2	22	WGRG	0	DYYSIDVWGRGLLVTVSS	0.3220290511929151	51.0	-0.9882936477661132	30.19904639271001		2.4442951679229736	N	
hippotragus_niger_JH_02	hippotragus_niger	Hippotragini	VHQK01014057.1	37272	37773	-	Pseudogene	13.64	5	24	WGRG	0	NDWLKHWGRGPWTLSA	0.0884361605129153	63.0	-1.0003442764282229	30.1679381771288		2.440802574157715	N	
hippotragus_niger_JH_03	hippotragus_niger	Hippotragini	VHQK01014057.1	37662	38163	-	Functional	20.27	1	23	WGPG	0	DYIDYWGPGLLVTVSS	0.8159719093655042	48.0	-1.003779649734497	30.217276854354417		2.440681219100952	N	
hippotragus_niger_JH_04	hippotragus_niger	Hippotragini	VHQK01014057.1	37972	38473	-	Pseudogene	11.43	6	21	WGQR	0	ALDSWGQRAPVTVSS	0.0961005325094995	60.0	-0.9933393597602844	30.19312612043604		2.4697682857513428	N	
hippotragus_niger_JH_05	hippotragus_niger	Hippotragini	VHQK01014057.1	38322	38823	-	Pseudogene	13.64	5	24	WGLD	0	CWGLDLWGECTPATVSL	0.0639056395469765	69.0	-1.0124698877334597	30.22964415494184		2.456646680831909	N	
hippotragus_niger_JH_06	hippotragus_niger	Hippotragini	VHQK01014057.1	38502	39003	-	ORF	13.64	5	24	NONE	0	TMLTSISGTRVPWSPSPQ	0.0694268724649092	64.0	-1.0231554508209229	30.232070373632244		2.474647045135498	N	
hippotragus_niger_JH_07	hippotragus_niger	Hippotragini	VHQK01014057.1	77041	77542	+	Pseudogene	13.64	5	21	WGQR	0	LWGQRVPGTMS	0.094043685225564	61.0	-0.9600932598114014	28.137998404551222		2.695308208465576	N	
kobus_ellipsiprymnus_JH_01	kobus_ellipsiprymnus	Reduncini	SJYR01004272.1	84109	84610	+	Pseudogene	13.64	5	24	WGQR	0	CRGLGLWGQRAPGTVSL	0.0294513821611914	122.0	-0.8002052903175354	30.556297416280845		2.189531087875366	N	
kobus_ellipsiprymnus_JH_02	kobus_ellipsiprymnus	Reduncini	SJYR01004272.1	84459	84960	+	Pseudogene	13.64	5	24	WGQR	0	AFDSWGQRAPVTVSS	0.0392435590562249	96.0	-0.8233346343040466	31.185086959767588		2.1734068393707275	N	
kobus_ellipsiprymnus_JH_03	kobus_ellipsiprymnus	Reduncini	SJYR01004272.1	84764	85265	+	Functional	20.27	1	23	WGPG	0	DYFDVWGPGILVTVSS	0.9130677056209392	7.0	-0.8302935361862183	31.393854152517683		2.206904172897339	N	
kobus_ellipsiprymnus_JH_04	kobus_ellipsiprymnus	Reduncini	SJYR01004272.1	85650	86151	+	Functional	24.69	0	22	WGQG	0	DYYSLDAWGQGLQVTVSS	0.9054211018992236	35.0	-0.8568389415740967	31.352169587300622		2.2176995277404785	N	
oryx_dammah_JH_01	oryx_dammah	Hippotragini	NW_024070200.1	81701	82202	+	ORF	13.64	5	24	NONE	0	TLLTSISGTRVPWSPSPQ	0.0302437109961549	116.0	-0.9527316093444824	26.891349978162097		2.846523761749268	N	
oryx_dammah_JH_02	oryx_dammah	Hippotragini	NW_024070200.1	81882	82383	+	Pseudogene	13.64	5	24	WGLD	0	CWGLDLWGERTPATVSL	0.0277905688871327	130.0	-0.9369423985481262	26.67065806901073		2.932517766952514	N	
oryx_dammah_JH_03	oryx_dammah	Hippotragini	NW_024070200.1	82232	82733	+	Pseudogene	11.43	6	25	WGQR	0	ALDSWGQRAPVTVSS	0.0295564816646214	120.0	-0.905009388923645	26.264709341018		2.923597574234009	N	
oryx_dammah_JH_04	oryx_dammah	Hippotragini	NW_024070200.1	82541	83042	+	Functional	20.27	1	23	WGPG	0	DYIDYWGPGILVTVSS	0.9129615951301624	8.0	-0.8859277963638306	25.954753566509908		2.9319076538085938	N	
oryx_dammah_JH_05	oryx_dammah	Hippotragini	NW_024070200.1	82931	83432	+	Pseudogene	13.64	5	24	WGRG	0	NDWLKHWGRGPWTLSA	0.0265223106278586	136.0	-0.8832740783691406	25.78593406376189		2.953927516937256	N	
oryx_dammah_JH_06	oryx_dammah	Hippotragini	NW_024070200.1	83459	83960	+	Pseudogene	15.85	2	22	WGRG	0	DYYSIDVWGRGLLVTISS	0.0342453161646118	103.0	-0.8426296710968018	25.563312266033577		2.898869514465332	N	
oryx_gazella_JH_01	oryx_gazella	Hippotragini	RAWW01004078.1	185341	185842	-	Functional	20.27	1	23	WGRG	0	DYYSIDVWGRGLLVTISS	0.6710588550376054	49.0	-0.98665189743042	30.327086925670287		2.430140972137451	N	
oryx_gazella_JH_02	oryx_gazella	Hippotragini	RAWW01004078.1	185869	186370	-	Pseudogene	13.64	5	24	WGRG	0	NDWLKHWGRGPWTLSA	0.0474112779564836	84.0	-0.9932353496551514	30.30650537349188		2.440312147140503	N	
oryx_gazella_JH_03	oryx_gazella	Hippotragini	RAWW01004078.1	186259	186760	-	Functional	20.27	1	23	WGPG	0	DYIDYWGPGILVTVSS	0.9145258458883724	4.0	-0.9807726144790648	30.29267830510438		2.447427272796631	N	
oryx_gazella_JH_04	oryx_gazella	Hippotragini	RAWW01004078.1	186464	186965	-	Functional	20.27	1	23	WGPG	0	DYIDYWGPGILVT	0.909736187708352	21.0	-0.9902695417404176	30.317963051585416		2.4532172679901123	N	
oryx_gazella_JH_05	oryx_gazella	Hippotragini	RAWW01004078.1	186709	187210	-	Pseudogene	11.43	6	21	WGQR	0	ALDSWGQRAPVTVSS	0.0536715216331352	80.0	-1.0045292377471924	30.34970476167309		2.4648561477661133	N	
oryx_gazella_JH_06	oryx_gazella	Hippotragini	RAWW01004078.1	187059	187560	-	Pseudogene	13.64	5	24	WGLD	0	CWGLDLWGERTPATVSL	0.0390447577583389	97.0	-1.0251564979553225	30.40520646344485		2.512748956680298	N	
oryx_gazella_JH_07	oryx_gazella	Hippotragini	RAWW01004078.1	187239	187740	-	ORF	13.64	5	24	NONE	0	TMLTSISGTRVPWSPSPQ	0.0348441730075217	99.0	-1.0310850143432615	30.44147245371356		2.465981960296631	N	
ovis_ammon_JH_01	ovis_ammon	Caprini	CM098129.1	70143032	70143533	-	Functional	24.69	0	23	WGRG	0	DYYGVDVWGRGLLVTVSS	0.904455471369243	36.0	-1.0175817012786863	30.963411794712272		2.417806625366211	N	
ovis_ammon_JH_02	ovis_ammon	Caprini	CM098129.1	70143951	70144452	-	Functional	20.27	1	23	WGPG	0	DYIDYWGPGLLGPRTPGHRLL	0.9110385541356638	15.0	-1.0147844552993774	30.957434986059205		2.422056198120117	N	
ovis_ammon_JH_03	ovis_ammon	Caprini	CM098129.1	70144271	70144772	-	Pseudogene	13.64	5	24	WGQR	0	AFDSWGQRAPVTVSS	0.0466137624512577	85.0	-1.012218952178955	30.931978636444903		2.40108060836792	N	
ovis_ammon_JH_04	ovis_ammon	Caprini	CM098129.1	70144621	70145122	-	Pseudogene	13.64	5	23	WGQR	0	CWDSGLWGQRTPVTVSL	0.0558078091786992	76.0	-1.019551396369934	30.944640567521727		2.4264304637908936	N	
ovis_ammon_JH_05	ovis_ammon	Caprini	CM098129.1	70144802	70145303	-	ORF	13.64	5	23	NONE	0	DYADFHLWDQGALVTVSS	0.0474749208229704	83.0	-1.029006838798523	30.980807742300343		2.4013009071350098	N	
ovis_aries_JH_01	ovis_aries	Caprini	NC_056071.1	67733906	67734406	-	Functional	20.27	1	23	WGXG	0		0.9071966674902736	26.0	-0.9450042247772216	30.90400229644776		2.38692307472229	Y	Functional
ovis_aries_JH_02	ovis_aries	Caprini	NC_056071.1	67734440	67734940	-	Pseudogene	11.43	5	23	WGXG	1		0.1320613921746529	56.0	-0.9496135115623474	30.894129013844204		2.3917508125305176	Y	Pseudogene
ovis_aries_JH_03	ovis_aries	Caprini	NC_056071.1	67734817	67735317	-	Functional	20.27	1	23	WGXG	0		0.9107565128363956	18.0	-0.9638318419456482	30.85983231863985		2.41359806060791	Y	Functional
ovis_aries_JH_04	ovis_aries	Caprini	NC_056071.1	67735129	67735629	-	Pseudogene	13.64	5	23	WGXG	1		0.0465449175985193	86.0	-0.9708206057548524	30.942338224153843		2.3709332942962646	Y	Pseudogene
ovis_aries_JH_05	ovis_aries	Caprini	NC_056071.1	67735479	67735979	-	Pseudogene	15.85	5	23	WGXG	1		0.0636059438348107	70.0	-0.9815762639045716	30.968550480669595		2.39708948135376	Y	Pseudogene
ovis_aries_JH_06	ovis_aries	Caprini	NC_056071.1	67735660	67736160	-	Pseudogene	13.64	5	23	WGXG	1		0.0575695166662772	75.0	-0.9839450716972352	31.025054255947783		2.3546738624572754	Y	Pseudogene
pakistani_river_buffalo_JH_01	pakistani_river_buffalo	Bovini	NC_059176.1	523996	524497	+	Pseudogene	15.85	2	22	WGQA	0	FHLWGQAALGTISS	0.030184325353232	118.0	-0.7892636060714722	31.222156140549792		2.1270534992218018	N	
pakistani_river_buffalo_JH_02	pakistani_river_buffalo	Bovini	NC_059176.1	524172	524673	+	Pseudogene	13.64	5	25	WGQS	0	CWDVDLWGQSTPVTVSL	0.027335586179272	132.0	-0.7960578203201294	31.224400733740364		2.136484384536743	N	
pakistani_river_buffalo_JH_03	pakistani_river_buffalo	Bovini	NC_059176.1	524520	525021	+	Pseudogene	13.64	5	24	WGQR	0	NAFDSWGQRTPVTVSS	0.0310664144851714	111.0	-0.8210381269454956	31.22938615101436		2.1469290256500244	N	
pakistani_river_buffalo_JH_04	pakistani_river_buffalo	Bovini	NC_059176.1	524832	525333	+	Functional	20.27	1	23	WGPG	0	DYFDNWGPGILVTVSS	0.9132677252511217	5.0	-0.8356249332427979	31.230306302088213		2.159351587295532	N	
pakistani_river_buffalo_JH_05	pakistani_river_buffalo	Bovini	NC_059176.1	525255	525756	+	Pseudogene	13.64	5	23	WGRE	0	NWLEHWGREAWALSA	0.0271188283605516	133.0	-0.8538178205490112	31.22807816644229		2.172495603561402	N	
pakistani_river_buffalo_JH_06	pakistani_river_buffalo	Bovini	NC_059176.1	525802	526303	+	Functional	24.69	0	22	WGRG	0	YYGLDAWGRGLRVAVSS	0.9068095665938668	31.0	-0.8797760605812073	31.219166496120177		2.184983253479004	N	
pakistani_river_buffalo_JH_07	pakistani_river_buffalo	Bovini	NC_059176.1	561789	562290	+	Pseudogene	13.64	5	21	WGPG	0	YVDTWGPGVLVTVSS	0.0372890846998995	98.0	-0.9537143707275392	31.405666190245		2.2793614864349365	N	
pakistani_river_buffalo_JH_08	pakistani_river_buffalo	Bovini	NC_059176.1	562152	562653	+	Pseudogene	13.64	5	23	WGRE	0	NNWLKHWGREAWALSA	0.0281087870537312	128.0	-0.9575329422950744	31.3931251578182		2.2810306549072266	N	
saiga_tatarica_JH_01	saiga_tatarica	Antilopini	PVIK010249591.1	0	501	-	Pseudogene	13.64	5	23	WGQG	0	NNWLKHWGQGPWALSA	0.0909651786495405	62.0	-1.2282114028930664	31.50404867527473		2.464153528213501	N	
saiga_tatarica_JH_02	saiga_tatarica	Antilopini	PVIK010249591.1	386	887	-	Functional	20.27	1	23	WGPG	0	DYIDFWGPGILVTVSS	0.9070588392043396	28.0	-1.2282114028930664	31.50404867527473		2.464153528213501	N	
saiga_tatarica_JH_03	saiga_tatarica	Antilopini	PVIK010249591.1	881	1382	-	Pseudogene	13.64	5	21	WGQG	0	DYADLHLWGQGTLVTVSS	0.0346708365126063	101.0	-1.2282114028930664	31.50404867527473		2.464153528213501	N	
syncerus_caffer_JH_01	syncerus_caffer	Bovini	SJXX02057738.1	482	983	+	ORF	20.27	1	22	WGQA	0	FHLWGQAALGTVSS	0.0307322874594947	114.0	-0.9630637168884276	30.56877035541544		2.599682092666626	N	
syncerus_caffer_JH_02	syncerus_caffer	Bovini	SJXX02057738.1	658	1159	+	Pseudogene	13.64	5	24	WGQR	0	CWDLDFWGQRTPVTVSL	0.0285613584845811	127.0	-0.954888641834259	30.63246670979331		2.5106358528137207	N	
syncerus_caffer_JH_03	syncerus_caffer	Bovini	SJXX02057738.1	997	1498	+	Pseudogene	13.64	5	21	WGQR	0	NAFDSWGQRAPVSISS	0.0318954475364225	108.0	-0.9625365138053894	30.612986980344907		2.51193904876709	N	
syncerus_caffer_JH_04	syncerus_caffer	Bovini	SJXX02057738.1	1308	1809	+	Functional	20.27	1	23	WGPG	0	DYVDAWGPGILVTVSS	0.9147771935369498	3.0	-0.9665272831916808	30.593202367927244		2.513279438018799	N	
syncerus_caffer_JH_05	syncerus_caffer	Bovini	SJXX02057738.1	1699	2200	+	Pseudogene	13.64	5	21	WGRE	0	NNWLQHWGREAWALSA	0.0286274042343909	125.0	-0.9690189361572266	30.582623334751563		2.503690719604492	N	
syncerus_caffer_JH_06	syncerus_caffer	Bovini	SJXX02057738.1	2227	2728	+	Functional	24.69	0	22	WGQG	0	YYSIYLWGQGIRVTVSS	0.9112080011102814	13.0	-0.9690189361572266	30.582623334751563		2.503690719604492	N	
tragelaphus_eurycerus_JH_01	tragelaphus_eurycerus	Tragelaphini	CAKXYN010000077.1	141223	141724	+	Pseudogene	11.43	6	21	WGRE	0	NNWLKQWGREAWALSA	0.0435420208889649	92.0	-1.020539402961731	31.36213479061755		2.308530807495117	N	
tragelaphus_eurycerus_JH_02	tragelaphus_eurycerus	Tragelaphini	CAKXYN010000077.1	141771	142272	+	ORF	24.69	0	22	WGHG	0	YYGIDIWGHGAVVTISS	0.0343138076687947	102.0	-1.0235213041305542	31.343829510536217		2.289503812789917	N	
tragelaphus_eurycerus_JH_03	tragelaphus_eurycerus	Tragelaphini	CAKXYN010000077.1	194543	195044	+	Pseudogene	15.85	2	21	WGQS	0	YADFHLWGQSALGTVSS	0.0310500186181223	112.0	-1.0704543590545654	31.384644689367075		2.3765945434570312	N	
tragelaphus_eurycerus_JH_04	tragelaphus_eurycerus	Tragelaphini	CAKXYN010000077.1	194723	195224	+	Pseudogene	13.64	5	25	WGQR	0	CWDLDHWGQRTPVTMS	0.0285926605727066	126.0	-1.066569209098816	31.39590945567472		2.371828317642212	N	
tragelaphus_eurycerus_JH_05	tragelaphus_eurycerus	Tragelaphini	CAKXYN010000077.1	195057	195558	+	Pseudogene	13.64	5	21	WGQR	0	NALDSWGQRAPLTVSS	0.0311995071184962	109.0	-1.056837558746338	31.374220772059505		2.370089769363404	N	
tragelaphus_eurycerus_JH_06	tragelaphus_eurycerus	Tragelaphini	CAKXYN010000077.1	195363	195864	+	Functional	20.27	1	23	WGRG	0	DYIDLWGRGIHVTVSS	0.912529345027102	9.0	-1.053224802017212	31.36629345460112		2.354933977127075	N	
tragelaphus_eurycerus_JH_07	tragelaphus_eurycerus	Tragelaphini	CAKXYN010000077.1	195704	196205	+	Functional	13.64	5	24	WGQE	0	NNWLKHWGQEAWALSA	0.8436168092287806	47.0	-1.0438129901885986	31.36203386059993		2.346994400024414	N	
tragelaphus_eurycerus_JH_08	tragelaphus_eurycerus	Tragelaphini	CAKXYN010000077.1	196253	196754	+	ORF	24.69	0	22	WGHG	0	YYGIDIWGHGAVVTISS	0.0321323024147508	107.0	-1.0403012037277222	31.354100463073856		2.351646900177002	N	
tragelaphus_eurycerus_JH_09	tragelaphus_eurycerus	Tragelaphini	CAKXYN010000077.1	276068	276569	+	Pseudogene	15.85	2	21	WGQA	0	YADFHLWGQAALG	0.0302431067090214	117.0	-1.066427230834961	31.39304508547084		2.4243171215057373	N	
tragelaphus_eurycerus_JH_10	tragelaphus_eurycerus	Tragelaphini	CAKXYN010000077.1	276253	276754	+	Pseudogene	13.64	5	25	WGQR	0	CWDLDHWGQRTPVTMS	0.0277798650915929	131.0	-1.065864086151123	31.393741967010538		2.401120185852051	N	
tragelaphus_eurycerus_JH_11	tragelaphus_eurycerus	Tragelaphini	CAKXYN010000077.1	276588	277089	+	Pseudogene	13.64	5	24	WGQR	0	ALDSWGQRTPLTVPS	0.0329538305116637	106.0	-1.0619609355926514	31.39547197660336		2.41397762298584	N	
tragelaphus_eurycerus_JH_12	tragelaphus_eurycerus	Tragelaphini	CAKXYN010000077.1	276888	277389	+	Functional	20.27	1	23	WGPG	0	QHCAYIDAWGPGTLVTVSS	0.912291389502072	10.0	-1.0597476959228516	31.380125998140457		2.419804096221924	N	
tragelaphus_eurycerus_JH_13	tragelaphus_eurycerus	Tragelaphini	CAKXYN010000077.1	277262	277763	+	Pseudogene	11.43	6	21	WGRE	0	WLKHWGREAWALSA	0.0332778493012517	105.0	-1.0622578859329224	31.379583474803585		2.411860704421997	N	
tragelaphus_strepsiceros_JH_01	tragelaphus_strepsiceros	Tragelaphini	SJYU01005070.1	2901	3402	-	Functional	24.69	0	22	WGQG	0	YYGIDIWGQGAVVTISS	0.9037183730158148	37.0	-1.1844905614852903	31.24274061767119		2.529287338256836	N	
tragelaphus_strepsiceros_JH_02	tragelaphus_strepsiceros	Tragelaphini	SJYU01005070.1	3448	3949	-	Pseudogene	13.64	5	21	WGRE	0	NNWLKQWGREAWALSA	0.2613899480421605	53.0	-1.1770224571228027	31.351310789786755		2.514117479324341	N	
tragelaphus_strepsiceros_JH_03	tragelaphus_strepsiceros	Tragelaphini	SJYU01005070.1	3817	4318	-	Functional	20.27	1	23	WGRG	0	DYIDLWGRGIHVTVSS	0.906914250302985	30.0	-1.167864203453064	31.32677907842908		2.487915277481079	N	
tragelaphus_strepsiceros_JH_04	tragelaphus_strepsiceros	Tragelaphini	SJYU01005070.1	4124	4625	-	Pseudogene	13.64	5	21	WGQR	0	NAFDSWGQRAPLTISS	0.0585688431427279	73.0	-1.1692922115325928	31.307007454662447		2.510903596878052	N	
tragelaphus_strepsiceros_JH_05	tragelaphus_strepsiceros	Tragelaphini	SJYU01005070.1	4473	4974	-	Pseudogene	13.64	5	25	WGQR	0	CWDLDHWGQRTPVTMS	0.0579689031653724	74.0	-1.1682614088058472	31.37122826450173		2.502594470977783	N	
tragelaphus_strepsiceros_JH_06	tragelaphus_strepsiceros	Tragelaphini	SJYU01005070.1	4658	5159	-	Pseudogene	13.64	5	25	WGQA	0	YDDFHLWGQAALG	0.0447602746545164	89.0	-1.1667495965957642	31.35950643047051		2.48232650756836	N	
bos_grunniens_JH_01	bos_grunniens	Bovini	CM016706.1	76023228	76023275	-	Pseudogene	13.64	5	23	WGRE	0	NNWLKHWGREAWALSA			-1.0488146183888118	30.946113344130783		2.399123915831248	N	
bos_grunniens_JH_02	bos_grunniens	Bovini	CM016706.1	76023615	76023669	-	Pseudogene	15.85	2	21	WGQA	0	DYADFHLWGQAALVTVSS			-1.0960937025149664	30.950656793358654		2.4111126629511515	N	
bison_bison_JH_01	bison_bison	Bovini	KN265145.1	23847	23894	-	Functional	13.64	5	24	WGQE	0	NNWLKHWGQEAWALSA			-1.0343970880905786	31.222819832447065		2.3912507088979087	N	
bison_bison_JH_02	bison_bison	Bovini	KN265145.1	24215	24262	-	Functional	20.27	1	23	WGPG	0	DYVDAWGPGLLVTVSS			-1.0555998110771179	31.242957370952663		2.4026883641878762	N	
bison_bison_JH_03	bison_bison	Bovini	KN265145.1	24671	24721	-	Functional	13.64	5	24	WGQR	0	CWDLDLWGQRTPVTVSL			-1.1118522242705027	31.274150683180768		2.405553883711497	N	
capra_ibex_JH_01	capra_ibex	Caprini	CM137823.1	304433	304487	+	ORF	13.64	5	24	NONE	0	EYADFHLWDQGALVTVSS			-0.9481814175844192	31.39188268582313		2.4020343136787417	N	
capra_ibex_JH_02	capra_ibex	Caprini	CM137823.1	304616	304666	+	Functional	13.64	5	24	WGQR	0	CWDLDLWGQRTPVTASL			-0.9496450791756312	31.388944998793114		2.3914680902163186	N	
capra_ibex_JH_03	capra_ibex	Caprini	CM137823.1	304953	304997	+	Pseudogene	13.64	5	24	WGQH	0	AFDSWGQHAPVTVSS			-0.9513074258963267	31.391191375447992		2.4122187757492064	N	
capra_ibex_JH_04	capra_ibex	Caprini	CM137823.1	305263	305310	+	Pseudogene	15.85	2	23	WGPG	0	DYIDYWGPGLLVTVSS			-0.9561283016204833	31.385038764349538		2.4117342495918273	N	
capra_ibex_JH_05	capra_ibex	Caprini	CM137823.1	305651	305698	+	Pseudogene	11.43	6	23	WGQG	0	NDWLKHWGQGPWTLSA			-0.9597256791591644	31.38432270862711		2.406927683353424	N	
capra_ibex_JH_06	capra_ibex	Caprini	CM137823.1	306172	306225	+	Functional	20.27	1	23	WGRG	0	DYYGVDVWGRGLLVTVSS			-0.8963251068194708	31.377676417662574		2.407208565870921	N	
